"","koppen","area_Mkm2"
"1","Arid",26.3061911745251
"2","Boreal",21.6950167048596
"3","Equatorial",28.4058956194188
"4","Temperate",14.2266288662247
